{
  "version": "2.0",
  "logging": {
    "applicationInsights": {
      "samplingSettings": {
        "isEnabled": true,
        "excludedTypes": "Request"
      }
    }
  },
  "extensionBundle": {
    "id": "Microsoft.Azure.Functions.ExtensionBundle",
    "version": "[4.*, 5.0.0)"
  },
  "functionTimeout": "00:05:00",
  "extensions": {
    "queues": {
      "messageEncoding": "none",
      "maxDequeueCount": 1,
      "maxPollingInterval": "00:00:02",
      "batchSize": 1
    }
  }
}
